{
  "last_draw": 1226,
  "based_on": 200,
  "coherence_method": "3안정모델×부트스트랩 합의 (top-15 포함비율)",
  "ensemble_weights": {
    "1": 0.015065,
    "2": 0.00686,
    "3": 0.042867,
    "4": 0.010368,
    "5": 0.00729,
    "6": 0.059239,
    "7": 0.033677,
    "8": 0.013953,
    "9": 0.01779,
    "10": 0.00857,
    "11": 0.008071,
    "12": 0.012112,
    "13": 0.021289,
    "14": 0.005572,
    "15": 0.039439,
    "16": 0.0453,
    "17": 0.015283,
    "18": 0.010846,
    "19": 0.030658,
    "20": 0.011491,
    "21": 0.012286,
    "22": 0.009031,
    "23": 0.009561,
    "24": 0.013714,
    "25": 0.012931,
    "26": 0.017545,
    "27": 0.154613,
    "28": 0.081846,
    "29": 0.00803,
    "30": 0.031913,
    "31": 0.020613,
    "32": 0.017057,
    "33": 0.022987,
    "34": 0.005512,
    "35": 0.022549,
    "36": 0.012803,
    "37": 0.016611,
    "38": 0.034562,
    "39": 0.012197,
    "40": 0.012595,
    "41": 0.013361,
    "42": 0.007757,
    "43": 0.003159,
    "44": 0.009376,
    "45": 0.021652
  },
  "number_coherence": [
    0.0932,
    0.0118,
    0.7869,
    0.0393,
    0.0279,
    0.8994,
    0.7992,
    0.0638,
    0.1373,
    0.0426,
    0.1888,
    0.4261,
    0.5042,
    0.1804,
    0.2903,
    0.7047,
    0.1436,
    0.0737,
    0.7119,
    0.2399,
    0.3616,
    0.2366,
    0.0983,
    0.3012,
    0.0169,
    0.4386,
    0.7048,
    0.5802,
    0.0937,
    0.7641,
    0.3703,
    0.443,
    0.6589,
    0.1379,
    0.7187,
    0.3102,
    0.379,
    0.7216,
    0.0507,
    0.4681,
    0.0527,
    0.0332,
    0.0091,
    0.1562,
    0.5296
  ],
  "coherence_by_model": {
    "빈도100": [
      0.14,
      0.026,
      0.7165,
      0.0765,
      0.0495,
      0.843,
      0.709,
      0.0895,
      0.1775,
      0.0795,
      0.203,
      0.4335,
      0.477,
      0.2205,
      0.305,
      0.644,
      0.182,
      0.106,
      0.64,
      0.263,
      0.3845,
      0.2695,
      0.1405,
      0.318,
      0.0335,
      0.426,
      0.6315,
      0.555,
      0.137,
      0.7,
      0.3705,
      0.419,
      0.6125,
      0.1705,
      0.663,
      0.316,
      0.3955,
      0.6705,
      0.073,
      0.467,
      0.09,
      0.0605,
      0.022,
      0.1855,
      0.508
    ],
    "빈도전체": [
      0.0695,
      0.005,
      0.837,
      0.0255,
      0.0165,
      0.9285,
      0.834,
      0.043,
      0.1105,
      0.023,
      0.1515,
      0.4475,
      0.5195,
      0.1675,
      0.2715,
      0.735,
      0.113,
      0.0625,
      0.7475,
      0.2275,
      0.3735,
      0.233,
      0.0685,
      0.292,
      0.0085,
      0.4545,
      0.727,
      0.613,
      0.086,
      0.784,
      0.372,
      0.435,
      0.7025,
      0.1075,
      0.7445,
      0.3045,
      0.3855,
      0.7415,
      0.0385,
      0.4665,
      0.0325,
      0.0185,
      0.003,
      0.128,
      0.5445
    ],
    "공출현": [
      0.0745,
      0.004,
      0.8385,
      0.0255,
      0.015,
      0.9345,
      0.849,
      0.0505,
      0.1105,
      0.0325,
      0.167,
      0.426,
      0.5175,
      0.1675,
      0.3175,
      0.724,
      0.1235,
      0.046,
      0.751,
      0.21,
      0.368,
      0.2385,
      0.075,
      0.3015,
      0.009,
      0.4565,
      0.7535,
      0.5865,
      0.0855,
      0.7865,
      0.352,
      0.4495,
      0.689,
      0.125,
      0.74,
      0.3035,
      0.366,
      0.7525,
      0.031,
      0.449,
      0.0335,
      0.018,
      0.003,
      0.1185,
      0.5245
    ]
  },
  "gap_ranks": [
    12,
    37,
    7,
    35,
    40,
    5,
    38,
    14,
    23,
    24
  ],
  "top_pairs": [
    [
      [
        27,
        38
      ],
      11
    ],
    [
      [
        6,
        28
      ],
      9
    ],
    [
      [
        3,
        15
      ],
      9
    ],
    [
      [
        3,
        6
      ],
      9
    ],
    [
      [
        7,
        26
      ],
      9
    ],
    [
      [
        19,
        21
      ],
      8
    ],
    [
      [
        7,
        9
      ],
      8
    ],
    [
      [
        6,
        38
      ],
      8
    ],
    [
      [
        16,
        23
      ],
      8
    ],
    [
      [
        30,
        31
      ],
      8
    ],
    [
      [
        7,
        35
      ],
      8
    ],
    [
      [
        6,
        19
      ],
      8
    ],
    [
      [
        7,
        19
      ],
      8
    ],
    [
      [
        3,
        22
      ],
      8
    ],
    [
      [
        21,
        35
      ],
      8
    ],
    [
      [
        30,
        35
      ],
      8
    ],
    [
      [
        13,
        28
      ],
      7
    ],
    [
      [
        27,
        45
      ],
      7
    ],
    [
      [
        11,
        17
      ],
      7
    ],
    [
      [
        6,
        30
      ],
      7
    ],
    [
      [
        6,
        36
      ],
      7
    ],
    [
      [
        13,
        21
      ],
      7
    ],
    [
      [
        13,
        45
      ],
      7
    ],
    [
      [
        19,
        45
      ],
      7
    ],
    [
      [
        19,
        33
      ],
      7
    ],
    [
      [
        30,
        33
      ],
      7
    ],
    [
      [
        27,
        36
      ],
      7
    ],
    [
      [
        26,
        38
      ],
      7
    ],
    [
      [
        16,
        31
      ],
      7
    ],
    [
      [
        12,
        40
      ],
      7
    ]
  ],
  "window_freq": {
    "w5": [
      0.0,
      0.0,
      0.0,
      0.4,
      0.0,
      0.2,
      0.0,
      0.2,
      0.4,
      0.0,
      0.2,
      0.0,
      0.2,
      0.0,
      0.0,
      0.2,
      0.4,
      0.4,
      0.2,
      0.2,
      0.2,
      0.2,
      0.0,
      0.0,
      0.2,
      0.2,
      0.2,
      0.2,
      0.0,
      0.0,
      0.0,
      0.4,
      0.2,
      0.0,
      0.0,
      0.0,
      0.0,
      0.0,
      0.2,
      0.0,
      0.4,
      0.2,
      0.0,
      0.2,
      0.2
    ],
    "w10": [
      0.1,
      0.2,
      0.1,
      0.2,
      0.0,
      0.2,
      0.0,
      0.2,
      0.2,
      0.1,
      0.1,
      0.0,
      0.2,
      0.0,
      0.2,
      0.1,
      0.2,
      0.3,
      0.1,
      0.2,
      0.1,
      0.2,
      0.0,
      0.0,
      0.2,
      0.1,
      0.1,
      0.5,
      0.1,
      0.1,
      0.2,
      0.3,
      0.1,
      0.1,
      0.0,
      0.1,
      0.0,
      0.0,
      0.2,
      0.0,
      0.2,
      0.2,
      0.1,
      0.1,
      0.3
    ],
    "w20": [
      0.1,
      0.15,
      0.1,
      0.1,
      0.1,
      0.15,
      0.05,
      0.15,
      0.15,
      0.2,
      0.1,
      0.0,
      0.15,
      0.05,
      0.25,
      0.05,
      0.2,
      0.15,
      0.15,
      0.15,
      0.1,
      0.15,
      0.1,
      0.1,
      0.2,
      0.1,
      0.35,
      0.25,
      0.05,
      0.15,
      0.15,
      0.15,
      0.1,
      0.05,
      0.1,
      0.15,
      0.05,
      0.25,
      0.15,
      0.05,
      0.15,
      0.15,
      0.05,
      0.15,
      0.25
    ]
  },
  "hot": [
    18,
    28,
    32,
    45
  ],
  "cold": [
    12
  ],
  "rec_odd": 4,
  "band_avg": {
    "1-9": 1.18,
    "10-19": 1.34,
    "20-29": 1.32,
    "30-39": 1.45,
    "40-45": 0.7
  },
  "sum_stats": {
    "mean": 137.9,
    "std": 30.1,
    "p10": 95.0,
    "p20": 113.0,
    "p80": 163.0,
    "p90": 175.0
  },
  "backtest": {
    "n_test": 15,
    "avg_hits": 1.07,
    "max_hits": 3,
    "hit_dist": {
      "0": 4,
      "1": 8,
      "2": 1,
      "3": 2,
      "4": 0,
      "5": 0,
      "6": 0
    },
    "note": "TOP12 후보에서 실제 6개 중 평균 적중수"
  }
}