{
  "based_on": 200,
  "weights": {
    "1": 0.006666,
    "2": 0.002513,
    "3": 0.069301,
    "4": 0.004512,
    "5": 0.003712,
    "6": 0.124439,
    "7": 0.069301,
    "8": 0.005485,
    "9": 0.008102,
    "10": 0.004512,
    "11": 0.009848,
    "12": 0.021494,
    "13": 0.026125,
    "14": 0.009848,
    "15": 0.014549,
    "16": 0.04691,
    "17": 0.008102,
    "18": 0.005485,
    "19": 0.04691,
    "20": 0.01197,
    "21": 0.017684,
    "22": 0.01197,
    "23": 0.006666,
    "24": 0.014549,
    "25": 0.003054,
    "26": 0.021494,
    "27": 0.04691,
    "28": 0.031753,
    "29": 0.006666,
    "30": 0.057017,
    "31": 0.017684,
    "32": 0.021494,
    "33": 0.038595,
    "34": 0.008102,
    "35": 0.04691,
    "36": 0.014549,
    "37": 0.017684,
    "38": 0.04691,
    "39": 0.004512,
    "40": 0.021494,
    "41": 0.004512,
    "42": 0.003712,
    "43": 0.002067,
    "44": 0.008102,
    "45": 0.026125
  },
  "hot": [
    18,
    28,
    32,
    45
  ],
  "cold": [
    12
  ],
  "band_avg": {
    "1-9": 1.18,
    "10-19": 1.34,
    "20-29": 1.32,
    "30-39": 1.45,
    "40-45": 0.7
  },
  "rec_odd": 4,
  "freq": {
    "1": 23,
    "2": 18,
    "3": 35,
    "4": 21,
    "5": 20,
    "6": 38,
    "7": 35,
    "8": 22,
    "9": 24,
    "10": 21,
    "11": 25,
    "12": 29,
    "13": 30,
    "14": 25,
    "15": 27,
    "16": 33,
    "17": 24,
    "18": 22,
    "19": 33,
    "20": 26,
    "21": 28,
    "22": 26,
    "23": 23,
    "24": 27,
    "25": 19,
    "26": 29,
    "27": 33,
    "28": 31,
    "29": 23,
    "30": 34,
    "31": 28,
    "32": 29,
    "33": 32,
    "34": 24,
    "35": 33,
    "36": 27,
    "37": 28,
    "38": 33,
    "39": 21,
    "40": 29,
    "41": 21,
    "42": 20,
    "43": 17,
    "44": 24,
    "45": 30
  }
}